Username,Email,Full Name,Role,Access Scope,Default Password,Report Section Access / Permissions
super.admin,super.admin@punjab.gov.in,Super Admin,SUPER_ADMIN,Global (Punjab),Gov@2026!Secure,Full access (All report sections & administrative modules)
state.admin,state.admin@punjab.gov.in,State Admin,STATE_ADMIN,Global (Punjab),Gov@2026!Secure,Full access (All report sections & administrative modules)
admin.amr,admin.amr@punjab.gov.in,District Admin AMR,DISTRICT_ADMIN,Amritsar,Gov@2026!Secure,View only (Dashboard / Projects / Reports / Users)
officer1.amr,officer1.amr@punjab.gov.in,Officer 1 AMR,OFFICER_1,Amritsar,Gov@2026!Secure,"Edit Front Matter, Chapters 1-5"
officer2.amr,officer2.amr@punjab.gov.in,Officer 2 AMR,OFFICER_2,Amritsar,Gov@2026!Secure,"Edit Certificate of Compliance, Chapters 1-5"
geologist.amr,geologist.amr@punjab.gov.in,Geologist AMR,GEOLOGIST,Amritsar,Gov@2026!Secure,"Edit Plates (Maps), Cross-Section Graphs"
reviewer.amr,reviewer.amr@punjab.gov.in,Reviewer AMR,REVIEWER,Amritsar,Gov@2026!Secure,Reviewer only (Section Review, Report Approval)
deo.amr,deo.amr@punjab.gov.in,Data Entry Operator AMR,DATA_ENTRY_OPERATOR,Amritsar,Gov@2026!Secure,Edit Chapters 6-10
reportgen.amr,reportgen.amr@punjab.gov.in,Report Generator AMR,REPORT_GENERATOR,Amritsar,Gov@2026!Secure,Generate & download final DSR reports
admin.bnl,admin.bnl@punjab.gov.in,District Admin BNL,DISTRICT_ADMIN,Barnala,Gov@2026!Secure,View only (Dashboard / Projects / Reports / Users)
officer1.bnl,officer1.bnl@punjab.gov.in,Officer 1 BNL,OFFICER_1,Barnala,Gov@2026!Secure,"Edit Front Matter, Chapters 1-5"
officer2.bnl,officer2.bnl@punjab.gov.in,Officer 2 BNL,OFFICER_2,Barnala,Gov@2026!Secure,"Edit Certificate of Compliance, Chapters 1-5"
geologist.bnl,geologist.bnl@punjab.gov.in,Geologist BNL,GEOLOGIST,Barnala,Gov@2026!Secure,"Edit Plates (Maps), Cross-Section Graphs"
reviewer.bnl,reviewer.bnl@punjab.gov.in,Reviewer BNL,REVIEWER,Barnala,Gov@2026!Secure,Reviewer only (Section Review, Report Approval)
deo.bnl,deo.bnl@punjab.gov.in,Data Entry Operator BNL,DATA_ENTRY_OPERATOR,Barnala,Gov@2026!Secure,Edit Chapters 6-10
reportgen.bnl,reportgen.bnl@punjab.gov.in,Report Generator BNL,REPORT_GENERATOR,Barnala,Gov@2026!Secure,Generate & download final DSR reports
admin.bti,admin.bti@punjab.gov.in,District Admin BTI,DISTRICT_ADMIN,Bathinda,Gov@2026!Secure,View only (Dashboard / Projects / Reports / Users)
officer1.bti,officer1.bti@punjab.gov.in,Officer 1 BTI,OFFICER_1,Bathinda,Gov@2026!Secure,"Edit Front Matter, Chapters 1-5"
officer2.bti,officer2.bti@punjab.gov.in,Officer 2 BTI,OFFICER_2,Bathinda,Gov@2026!Secure,"Edit Certificate of Compliance, Chapters 1-5"
geologist.bti,geologist.bti@punjab.gov.in,Geologist BTI,GEOLOGIST,Bathinda,Gov@2026!Secure,"Edit Plates (Maps), Cross-Section Graphs"
reviewer.bti,reviewer.bti@punjab.gov.in,Reviewer BTI,REVIEWER,Bathinda,Gov@2026!Secure,Reviewer only (Section Review, Report Approval)
deo.bti,deo.bti@punjab.gov.in,Data Entry Operator BTI,DATA_ENTRY_OPERATOR,Bathinda,Gov@2026!Secure,Edit Chapters 6-10
reportgen.bti,reportgen.bti@punjab.gov.in,Report Generator BTI,REPORT_GENERATOR,Bathinda,Gov@2026!Secure,Generate & download final DSR reports
admin.fdk,admin.fdk@punjab.gov.in,District Admin FDK,DISTRICT_ADMIN,Faridkot,Gov@2026!Secure,View only (Dashboard / Projects / Reports / Users)
officer1.fdk,officer1.fdk@punjab.gov.in,Officer 1 FDK,OFFICER_1,Faridkot,Gov@2026!Secure,"Edit Front Matter, Chapters 1-5"
officer2.fdk,officer2.fdk@punjab.gov.in,Officer 2 FDK,OFFICER_2,Faridkot,Gov@2026!Secure,"Edit Certificate of Compliance, Chapters 1-5"
geologist.fdk,geologist.fdk@punjab.gov.in,Geologist FDK,GEOLOGIST,Faridkot,Gov@2026!Secure,"Edit Plates (Maps), Cross-Section Graphs"
reviewer.fdk,reviewer.fdk@punjab.gov.in,Reviewer FDK,REVIEWER,Faridkot,Gov@2026!Secure,Reviewer only (Section Review, Report Approval)
deo.fdk,deo.fdk@punjab.gov.in,Data Entry Operator FDK,DATA_ENTRY_OPERATOR,Faridkot,Gov@2026!Secure,Edit Chapters 6-10
reportgen.fdk,reportgen.fdk@punjab.gov.in,Report Generator FDK,REPORT_GENERATOR,Faridkot,Gov@2026!Secure,Generate & download final DSR reports
admin.fgs,admin.fgs@punjab.gov.in,District Admin FGS,DISTRICT_ADMIN,Fatehgarh Sahib,Gov@2026!Secure,View only (Dashboard / Projects / Reports / Users)
officer1.fgs,officer1.fgs@punjab.gov.in,Officer 1 FGS,OFFICER_1,Fatehgarh Sahib,Gov@2026!Secure,"Edit Front Matter, Chapters 1-5"
officer2.fgs,officer2.fgs@punjab.gov.in,Officer 2 FGS,OFFICER_2,Fatehgarh Sahib,Gov@2026!Secure,"Edit Certificate of Compliance, Chapters 1-5"
geologist.fgs,geologist.fgs@punjab.gov.in,Geologist FGS,GEOLOGIST,Fatehgarh Sahib,Gov@2026!Secure,"Edit Plates (Maps), Cross-Section Graphs"
reviewer.fgs,reviewer.fgs@punjab.gov.in,Reviewer FGS,REVIEWER,Fatehgarh Sahib,Gov@2026!Secure,Reviewer only (Section Review, Report Approval)
deo.fgs,deo.fgs@punjab.gov.in,Data Entry Operator FGS,DATA_ENTRY_OPERATOR,Fatehgarh Sahib,Gov@2026!Secure,Edit Chapters 6-10
reportgen.fgs,reportgen.fgs@punjab.gov.in,Report Generator FGS,REPORT_GENERATOR,Fatehgarh Sahib,Gov@2026!Secure,Generate & download final DSR reports
admin.fzk,admin.fzk@punjab.gov.in,District Admin FZK,DISTRICT_ADMIN,Fazilka,Gov@2026!Secure,View only (Dashboard / Projects / Reports / Users)
officer1.fzk,officer1.fzk@punjab.gov.in,Officer 1 FZK,OFFICER_1,Fazilka,Gov@2026!Secure,"Edit Front Matter, Chapters 1-5"
officer2.fzk,officer2.fzk@punjab.gov.in,Officer 2 FZK,OFFICER_2,Fazilka,Gov@2026!Secure,"Edit Certificate of Compliance, Chapters 1-5"
geologist.fzk,geologist.fzk@punjab.gov.in,Geologist FZK,GEOLOGIST,Fazilka,Gov@2026!Secure,"Edit Plates (Maps), Cross-Section Graphs"
reviewer.fzk,reviewer.fzk@punjab.gov.in,Reviewer FZK,REVIEWER,Fazilka,Gov@2026!Secure,Reviewer only (Section Review, Report Approval)
deo.fzk,deo.fzk@punjab.gov.in,Data Entry Operator FZK,DATA_ENTRY_OPERATOR,Fazilka,Gov@2026!Secure,Edit Chapters 6-10
reportgen.fzk,reportgen.fzk@punjab.gov.in,Report Generator FZK,REPORT_GENERATOR,Fazilka,Gov@2026!Secure,Generate & download final DSR reports
admin.fzr,admin.fzr@punjab.gov.in,District Admin FZR,DISTRICT_ADMIN,Ferozepur,Gov@2026!Secure,View only (Dashboard / Projects / Reports / Users)
officer1.fzr,officer1.fzr@punjab.gov.in,Officer 1 FZR,OFFICER_1,Ferozepur,Gov@2026!Secure,"Edit Front Matter, Chapters 1-5"
officer2.fzr,officer2.fzr@punjab.gov.in,Officer 2 FZR,OFFICER_2,Ferozepur,Gov@2026!Secure,"Edit Certificate of Compliance, Chapters 1-5"
geologist.fzr,geologist.fzr@punjab.gov.in,Geologist FZR,GEOLOGIST,Ferozepur,Gov@2026!Secure,"Edit Plates (Maps), Cross-Section Graphs"
reviewer.fzr,reviewer.fzr@punjab.gov.in,Reviewer FZR,REVIEWER,Ferozepur,Gov@2026!Secure,Reviewer only (Section Review, Report Approval)
deo.fzr,deo.fzr@punjab.gov.in,Data Entry Operator FZR,DATA_ENTRY_OPERATOR,Ferozepur,Gov@2026!Secure,Edit Chapters 6-10
reportgen.fzr,reportgen.fzr@punjab.gov.in,Report Generator FZR,REPORT_GENERATOR,Ferozepur,Gov@2026!Secure,Generate & download final DSR reports
admin.gdp,admin.gdp@punjab.gov.in,District Admin GDP,DISTRICT_ADMIN,Gurdaspur,Gov@2026!Secure,View only (Dashboard / Projects / Reports / Users)
officer1.gdp,officer1.gdp@punjab.gov.in,Officer 1 GDP,OFFICER_1,Gurdaspur,Gov@2026!Secure,"Edit Front Matter, Chapters 1-5"
officer2.gdp,officer2.gdp@punjab.gov.in,Officer 2 GDP,OFFICER_2,Gurdaspur,Gov@2026!Secure,"Edit Certificate of Compliance, Chapters 1-5"
geologist.gdp,geologist.gdp@punjab.gov.in,Geologist GDP,GEOLOGIST,Gurdaspur,Gov@2026!Secure,"Edit Plates (Maps), Cross-Section Graphs"
reviewer.gdp,reviewer.gdp@punjab.gov.in,Reviewer GDP,REVIEWER,Gurdaspur,Gov@2026!Secure,Reviewer only (Section Review, Report Approval)
deo.gdp,deo.gdp@punjab.gov.in,Data Entry Operator GDP,DATA_ENTRY_OPERATOR,Gurdaspur,Gov@2026!Secure,Edit Chapters 6-10
reportgen.gdp,reportgen.gdp@punjab.gov.in,Report Generator GDP,REPORT_GENERATOR,Gurdaspur,Gov@2026!Secure,Generate & download final DSR reports
admin.hsp,admin.hsp@punjab.gov.in,District Admin HSP,DISTRICT_ADMIN,Hoshiarpur,Gov@2026!Secure,View only (Dashboard / Projects / Reports / Users)
officer1.hsp,officer1.hsp@punjab.gov.in,Officer 1 HSP,OFFICER_1,Hoshiarpur,Gov@2026!Secure,"Edit Front Matter, Chapters 1-5"
officer2.hsp,officer2.hsp@punjab.gov.in,Officer 2 HSP,OFFICER_2,Hoshiarpur,Gov@2026!Secure,"Edit Certificate of Compliance, Chapters 1-5"
geologist.hsp,geologist.hsp@punjab.gov.in,Geologist HSP,GEOLOGIST,Hoshiarpur,Gov@2026!Secure,"Edit Plates (Maps), Cross-Section Graphs"
reviewer.hsp,reviewer.hsp@punjab.gov.in,Reviewer HSP,REVIEWER,Hoshiarpur,Gov@2026!Secure,Reviewer only (Section Review, Report Approval)
deo.hsp,deo.hsp@punjab.gov.in,Data Entry Operator HSP,DATA_ENTRY_OPERATOR,Hoshiarpur,Gov@2026!Secure,Edit Chapters 6-10
reportgen.hsp,reportgen.hsp@punjab.gov.in,Report Generator HSP,REPORT_GENERATOR,Hoshiarpur,Gov@2026!Secure,Generate & download final DSR reports
admin.jal,admin.jal@punjab.gov.in,District Admin JAL,DISTRICT_ADMIN,Jalandhar,Gov@2026!Secure,View only (Dashboard / Projects / Reports / Users)
officer1.jal,officer1.jal@punjab.gov.in,Officer 1 JAL,OFFICER_1,Jalandhar,Gov@2026!Secure,"Edit Front Matter, Chapters 1-5"
officer2.jal,officer2.jal@punjab.gov.in,Officer 2 JAL,OFFICER_2,Jalandhar,Gov@2026!Secure,"Edit Certificate of Compliance, Chapters 1-5"
geologist.jal,geologist.jal@punjab.gov.in,Geologist JAL,GEOLOGIST,Jalandhar,Gov@2026!Secure,"Edit Plates (Maps), Cross-Section Graphs"
reviewer.jal,reviewer.jal@punjab.gov.in,Reviewer JAL,REVIEWER,Jalandhar,Gov@2026!Secure,Reviewer only (Section Review, Report Approval)
deo.jal,deo.jal@punjab.gov.in,Data Entry Operator JAL,DATA_ENTRY_OPERATOR,Jalandhar,Gov@2026!Secure,Edit Chapters 6-10
reportgen.jal,reportgen.jal@punjab.gov.in,Report Generator JAL,REPORT_GENERATOR,Jalandhar,Gov@2026!Secure,Generate & download final DSR reports
admin.kpt,admin.kpt@punjab.gov.in,District Admin KPT,DISTRICT_ADMIN,Kapurthala,Gov@2026!Secure,View only (Dashboard / Projects / Reports / Users)
officer1.kpt,officer1.kpt@punjab.gov.in,Officer 1 KPT,OFFICER_1,Kapurthala,Gov@2026!Secure,"Edit Front Matter, Chapters 1-5"
officer2.kpt,officer2.kpt@punjab.gov.in,Officer 2 KPT,OFFICER_2,Kapurthala,Gov@2026!Secure,"Edit Certificate of Compliance, Chapters 1-5"
geologist.kpt,geologist.kpt@punjab.gov.in,Geologist KPT,GEOLOGIST,Kapurthala,Gov@2026!Secure,"Edit Plates (Maps), Cross-Section Graphs"
reviewer.kpt,reviewer.kpt@punjab.gov.in,Reviewer KPT,REVIEWER,Kapurthala,Gov@2026!Secure,Reviewer only (Section Review, Report Approval)
deo.kpt,deo.kpt@punjab.gov.in,Data Entry Operator KPT,DATA_ENTRY_OPERATOR,Kapurthala,Gov@2026!Secure,Edit Chapters 6-10
reportgen.kpt,reportgen.kpt@punjab.gov.in,Report Generator KPT,REPORT_GENERATOR,Kapurthala,Gov@2026!Secure,Generate & download final DSR reports
admin.ldh,admin.ldh@punjab.gov.in,District Admin LDH,DISTRICT_ADMIN,Ludhiana,Gov@2026!Secure,View only (Dashboard / Projects / Reports / Users)
officer1.ldh,officer1.ldh@punjab.gov.in,Officer 1 LDH,OFFICER_1,Ludhiana,Gov@2026!Secure,"Edit Front Matter, Chapters 1-5"
officer2.ldh,officer2.ldh@punjab.gov.in,Officer 2 LDH,OFFICER_2,Ludhiana,Gov@2026!Secure,"Edit Certificate of Compliance, Chapters 1-5"
geologist.ldh,geologist.ldh@punjab.gov.in,Geologist LDH,GEOLOGIST,Ludhiana,Gov@2026!Secure,"Edit Plates (Maps), Cross-Section Graphs"
reviewer.ldh,reviewer.ldh@punjab.gov.in,Reviewer LDH,REVIEWER,Ludhiana,Gov@2026!Secure,Reviewer only (Section Review, Report Approval)
deo.ldh,deo.ldh@punjab.gov.in,Data Entry Operator LDH,DATA_ENTRY_OPERATOR,Ludhiana,Gov@2026!Secure,Edit Chapters 6-10
reportgen.ldh,reportgen.ldh@punjab.gov.in,Report Generator LDH,REPORT_GENERATOR,Ludhiana,Gov@2026!Secure,Generate & download final DSR reports
admin.mlk,admin.mlk@punjab.gov.in,District Admin MLK,DISTRICT_ADMIN,Malerkotla,Gov@2026!Secure,View only (Dashboard / Projects / Reports / Users)
officer1.mlk,officer1.mlk@punjab.gov.in,Officer 1 MLK,OFFICER_1,Malerkotla,Gov@2026!Secure,"Edit Front Matter, Chapters 1-5"
officer2.mlk,officer2.mlk@punjab.gov.in,Officer 2 MLK,OFFICER_2,Malerkotla,Gov@2026!Secure,"Edit Certificate of Compliance, Chapters 1-5"
geologist.mlk,geologist.mlk@punjab.gov.in,Geologist MLK,GEOLOGIST,Malerkotla,Gov@2026!Secure,"Edit Plates (Maps), Cross-Section Graphs"
reviewer.mlk,reviewer.mlk@punjab.gov.in,Reviewer MLK,REVIEWER,Malerkotla,Gov@2026!Secure,Reviewer only (Section Review, Report Approval)
deo.mlk,deo.mlk@punjab.gov.in,Data Entry Operator MLK,DATA_ENTRY_OPERATOR,Malerkotla,Gov@2026!Secure,Edit Chapters 6-10
reportgen.mlk,reportgen.mlk@punjab.gov.in,Report Generator MLK,REPORT_GENERATOR,Malerkotla,Gov@2026!Secure,Generate & download final DSR reports
admin.mns,admin.mns@punjab.gov.in,District Admin MNS,DISTRICT_ADMIN,Mansa,Gov@2026!Secure,View only (Dashboard / Projects / Reports / Users)
officer1.mns,officer1.mns@punjab.gov.in,Officer 1 MNS,OFFICER_1,Mansa,Gov@2026!Secure,"Edit Front Matter, Chapters 1-5"
officer2.mns,officer2.mns@punjab.gov.in,Officer 2 MNS,OFFICER_2,Mansa,Gov@2026!Secure,"Edit Certificate of Compliance, Chapters 1-5"
geologist.mns,geologist.mns@punjab.gov.in,Geologist MNS,GEOLOGIST,Mansa,Gov@2026!Secure,"Edit Plates (Maps), Cross-Section Graphs"
reviewer.mns,reviewer.mns@punjab.gov.in,Reviewer MNS,REVIEWER,Mansa,Gov@2026!Secure,Reviewer only (Section Review, Report Approval)
deo.mns,deo.mns@punjab.gov.in,Data Entry Operator MNS,DATA_ENTRY_OPERATOR,Mansa,Gov@2026!Secure,Edit Chapters 6-10
reportgen.mns,reportgen.mns@punjab.gov.in,Report Generator MNS,REPORT_GENERATOR,Mansa,Gov@2026!Secure,Generate & download final DSR reports
admin.mog,admin.mog@punjab.gov.in,District Admin MOG,DISTRICT_ADMIN,Moga,Gov@2026!Secure,View only (Dashboard / Projects / Reports / Users)
officer1.mog,officer1.mog@punjab.gov.in,Officer 1 MOG,OFFICER_1,Moga,Gov@2026!Secure,"Edit Front Matter, Chapters 1-5"
officer2.mog,officer2.mog@punjab.gov.in,Officer 2 MOG,OFFICER_2,Moga,Gov@2026!Secure,"Edit Certificate of Compliance, Chapters 1-5"
geologist.mog,geologist.mog@punjab.gov.in,Geologist MOG,GEOLOGIST,Moga,Gov@2026!Secure,"Edit Plates (Maps), Cross-Section Graphs"
reviewer.mog,reviewer.mog@punjab.gov.in,Reviewer MOG,REVIEWER,Moga,Gov@2026!Secure,Reviewer only (Section Review, Report Approval)
deo.mog,deo.mog@punjab.gov.in,Data Entry Operator MOG,DATA_ENTRY_OPERATOR,Moga,Gov@2026!Secure,Edit Chapters 6-10
reportgen.mog,reportgen.mog@punjab.gov.in,Report Generator MOG,REPORT_GENERATOR,Moga,Gov@2026!Secure,Generate & download final DSR reports
admin.ptk,admin.ptk@punjab.gov.in,District Admin PTK,DISTRICT_ADMIN,Pathankot,Gov@2026!Secure,View only (Dashboard / Projects / Reports / Users)
officer1.ptk,officer1.ptk@punjab.gov.in,Officer 1 PTK,OFFICER_1,Pathankot,Gov@2026!Secure,"Edit Front Matter, Chapters 1-5"
officer2.ptk,officer2.ptk@punjab.gov.in,Officer 2 PTK,OFFICER_2,Pathankot,Gov@2026!Secure,"Edit Certificate of Compliance, Chapters 1-5"
geologist.ptk,geologist.ptk@punjab.gov.in,Geologist PTK,GEOLOGIST,Pathankot,Gov@2026!Secure,"Edit Plates (Maps), Cross-Section Graphs"
reviewer.ptk,reviewer.ptk@punjab.gov.in,Reviewer PTK,REVIEWER,Pathankot,Gov@2026!Secure,Reviewer only (Section Review, Report Approval)
deo.ptk,deo.ptk@punjab.gov.in,Data Entry Operator PTK,DATA_ENTRY_OPERATOR,Pathankot,Gov@2026!Secure,Edit Chapters 6-10
reportgen.ptk,reportgen.ptk@punjab.gov.in,Report Generator PTK,REPORT_GENERATOR,Pathankot,Gov@2026!Secure,Generate & download final DSR reports
admin.pta,admin.pta@punjab.gov.in,District Admin PTA,DISTRICT_ADMIN,Patiala,Gov@2026!Secure,View only (Dashboard / Projects / Reports / Users)
officer1.pta,officer1.pta@punjab.gov.in,Officer 1 PTA,OFFICER_1,Patiala,Gov@2026!Secure,"Edit Front Matter, Chapters 1-5"
officer2.pta,officer2.pta@punjab.gov.in,Officer 2 PTA,OFFICER_2,Patiala,Gov@2026!Secure,"Edit Certificate of Compliance, Chapters 1-5"
geologist.pta,geologist.pta@punjab.gov.in,Geologist PTA,GEOLOGIST,Patiala,Gov@2026!Secure,"Edit Plates (Maps), Cross-Section Graphs"
reviewer.pta,reviewer.pta@punjab.gov.in,Reviewer PTA,REVIEWER,Patiala,Gov@2026!Secure,Reviewer only (Section Review, Report Approval)
deo.pta,deo.pta@punjab.gov.in,Data Entry Operator PTA,DATA_ENTRY_OPERATOR,Patiala,Gov@2026!Secure,Edit Chapters 6-10
reportgen.pta,reportgen.pta@punjab.gov.in,Report Generator PTA,REPORT_GENERATOR,Patiala,Gov@2026!Secure,Generate & download final DSR reports
admin.rpn,admin.rpn@punjab.gov.in,District Admin RPN,DISTRICT_ADMIN,Rupnagar,Gov@2026!Secure,View only (Dashboard / Projects / Reports / Users)
officer1.rpn,officer1.rpn@punjab.gov.in,Officer 1 RPN,OFFICER_1,Rupnagar,Gov@2026!Secure,"Edit Front Matter, Chapters 1-5"
officer2.rpn,officer2.rpn@punjab.gov.in,Officer 2 RPN,OFFICER_2,Rupnagar,Gov@2026!Secure,"Edit Certificate of Compliance, Chapters 1-5"
geologist.rpn,geologist.rpn@punjab.gov.in,Geologist RPN,GEOLOGIST,Rupnagar,Gov@2026!Secure,"Edit Plates (Maps), Cross-Section Graphs"
reviewer.rpn,reviewer.rpn@punjab.gov.in,Reviewer RPN,REVIEWER,Rupnagar,Gov@2026!Secure,Reviewer only (Section Review, Report Approval)
deo.rpn,deo.rpn@punjab.gov.in,Data Entry Operator RPN,DATA_ENTRY_OPERATOR,Rupnagar,Gov@2026!Secure,Edit Chapters 6-10
reportgen.rpn,reportgen.rpn@punjab.gov.in,Report Generator RPN,REPORT_GENERATOR,Rupnagar,Gov@2026!Secure,Generate & download final DSR reports
admin.sas,admin.sas@punjab.gov.in,District Admin SAS,DISTRICT_ADMIN,Sahibzada Ajit Singh Nagar,Gov@2026!Secure,View only (Dashboard / Projects / Reports / Users)
officer1.sas,officer1.sas@punjab.gov.in,Officer 1 SAS,OFFICER_1,Sahibzada Ajit Singh Nagar,Gov@2026!Secure,"Edit Front Matter, Chapters 1-5"
officer2.sas,officer2.sas@punjab.gov.in,Officer 2 SAS,OFFICER_2,Sahibzada Ajit Singh Nagar,Gov@2026!Secure,"Edit Certificate of Compliance, Chapters 1-5"
geologist.sas,geologist.sas@punjab.gov.in,Geologist SAS,GEOLOGIST,Sahibzada Ajit Singh Nagar,Gov@2026!Secure,"Edit Plates (Maps), Cross-Section Graphs"
reviewer.sas,reviewer.sas@punjab.gov.in,Reviewer SAS,REVIEWER,Sahibzada Ajit Singh Nagar,Gov@2026!Secure,Reviewer only (Section Review, Report Approval)
deo.sas,deo.sas@punjab.gov.in,Data Entry Operator SAS,DATA_ENTRY_OPERATOR,Sahibzada Ajit Singh Nagar,Gov@2026!Secure,Edit Chapters 6-10
reportgen.sas,reportgen.sas@punjab.gov.in,Report Generator SAS,REPORT_GENERATOR,Sahibzada Ajit Singh Nagar,Gov@2026!Secure,Generate & download final DSR reports
admin.sgr,admin.sgr@punjab.gov.in,District Admin SGR,DISTRICT_ADMIN,Sangrur,Gov@2026!Secure,View only (Dashboard / Projects / Reports / Users)
officer1.sgr,officer1.sgr@punjab.gov.in,Officer 1 SGR,OFFICER_1,Sangrur,Gov@2026!Secure,"Edit Front Matter, Chapters 1-5"
officer2.sgr,officer2.sgr@punjab.gov.in,Officer 2 SGR,OFFICER_2,Sangrur,Gov@2026!Secure,"Edit Certificate of Compliance, Chapters 1-5"
geologist.sgr,geologist.sgr@punjab.gov.in,Geologist SGR,GEOLOGIST,Sangrur,Gov@2026!Secure,"Edit Plates (Maps), Cross-Section Graphs"
reviewer.sgr,reviewer.sgr@punjab.gov.in,Reviewer SGR,REVIEWER,Sangrur,Gov@2026!Secure,Reviewer only (Section Review, Report Approval)
deo.sgr,deo.sgr@punjab.gov.in,Data Entry Operator SGR,DATA_ENTRY_OPERATOR,Sangrur,Gov@2026!Secure,Edit Chapters 6-10
reportgen.sgr,reportgen.sgr@punjab.gov.in,Report Generator SGR,REPORT_GENERATOR,Sangrur,Gov@2026!Secure,Generate & download final DSR reports
admin.sbs,admin.sbs@punjab.gov.in,District Admin SBS,DISTRICT_ADMIN,Shaheed Bhagat Singh Nagar,Gov@2026!Secure,View only (Dashboard / Projects / Reports / Users)
officer1.sbs,officer1.sbs@punjab.gov.in,Officer 1 SBS,OFFICER_1,Shaheed Bhagat Singh Nagar,Gov@2026!Secure,"Edit Front Matter, Chapters 1-5"
officer2.sbs,officer2.sbs@punjab.gov.in,Officer 2 SBS,OFFICER_2,Shaheed Bhagat Singh Nagar,Gov@2026!Secure,"Edit Certificate of Compliance, Chapters 1-5"
geologist.sbs,geologist.sbs@punjab.gov.in,Geologist SBS,GEOLOGIST,Shaheed Bhagat Singh Nagar,Gov@2026!Secure,"Edit Plates (Maps), Cross-Section Graphs"
reviewer.sbs,reviewer.sbs@punjab.gov.in,Reviewer SBS,REVIEWER,Shaheed Bhagat Singh Nagar,Gov@2026!Secure,Reviewer only (Section Review, Report Approval)
deo.sbs,deo.sbs@punjab.gov.in,Data Entry Operator SBS,DATA_ENTRY_OPERATOR,Shaheed Bhagat Singh Nagar,Gov@2026!Secure,Edit Chapters 6-10
reportgen.sbs,reportgen.sbs@punjab.gov.in,Report Generator SBS,REPORT_GENERATOR,Shaheed Bhagat Singh Nagar,Gov@2026!Secure,Generate & download final DSR reports
admin.sms,admin.sms@punjab.gov.in,District Admin SMS,DISTRICT_ADMIN,Sri Muktsar Sahib,Gov@2026!Secure,View only (Dashboard / Projects / Reports / Users)
officer1.sms,officer1.sms@punjab.gov.in,Officer 1 SMS,OFFICER_1,Sri Muktsar Sahib,Gov@2026!Secure,"Edit Front Matter, Chapters 1-5"
officer2.sms,officer2.sms@punjab.gov.in,Officer 2 SMS,OFFICER_2,Sri Muktsar Sahib,Gov@2026!Secure,"Edit Certificate of Compliance, Chapters 1-5"
geologist.sms,geologist.sms@punjab.gov.in,Geologist SMS,GEOLOGIST,Sri Muktsar Sahib,Gov@2026!Secure,"Edit Plates (Maps), Cross-Section Graphs"
reviewer.sms,reviewer.sms@punjab.gov.in,Reviewer SMS,REVIEWER,Sri Muktsar Sahib,Gov@2026!Secure,Reviewer only (Section Review, Report Approval)
deo.sms,deo.sms@punjab.gov.in,Data Entry Operator SMS,DATA_ENTRY_OPERATOR,Sri Muktsar Sahib,Gov@2026!Secure,Edit Chapters 6-10
reportgen.sms,reportgen.sms@punjab.gov.in,Report Generator SMS,REPORT_GENERATOR,Sri Muktsar Sahib,Gov@2026!Secure,Generate & download final DSR reports
admin.tnt,admin.tnt@punjab.gov.in,District Admin TNT,DISTRICT_ADMIN,Tarn Taran,Gov@2026!Secure,View only (Dashboard / Projects / Reports / Users)
officer1.tnt,officer1.tnt@punjab.gov.in,Officer 1 TNT,OFFICER_1,Tarn Taran,Gov@2026!Secure,"Edit Front Matter, Chapters 1-5"
officer2.tnt,officer2.tnt@punjab.gov.in,Officer 2 TNT,OFFICER_2,Tarn Taran,Gov@2026!Secure,"Edit Certificate of Compliance, Chapters 1-5"
geologist.tnt,geologist.tnt@punjab.gov.in,Geologist TNT,GEOLOGIST,Tarn Taran,Gov@2026!Secure,"Edit Plates (Maps), Cross-Section Graphs"
reviewer.tnt,reviewer.tnt@punjab.gov.in,Reviewer TNT,REVIEWER,Tarn Taran,Gov@2026!Secure,Reviewer only (Section Review, Report Approval)
deo.tnt,deo.tnt@punjab.gov.in,Data Entry Operator TNT,DATA_ENTRY_OPERATOR,Tarn Taran,Gov@2026!Secure,Edit Chapters 6-10
reportgen.tnt,reportgen.tnt@punjab.gov.in,Report Generator TNT,REPORT_GENERATOR,Tarn Taran,Gov@2026!Secure,Generate & download final DSR reports
